[{"pk": 1, "model": "adzone.advertiser", "fields": {"website": "http://www.google.com", "company_name": "Default Advertiser", "user": 1}}, {"pk": 2, "model": "adzone.advertiser", "fields": {"website": "http://penobscotbaypress.com", "company_name": "Penobscot Bay Press", "user": 1}}, {"pk": 1, "model": "adzone.adcategory", "fields": {"description": "Ads related to retail establishments", "slug": "retail", "title": "Retail"}}, {"pk": 2, "model": "adzone.adcategory", "fields": {"description": "In house ads.", "slug": "in-house", "title": "In-House"}}, {"pk": 1, "model": "adzone.adzone", "fields": {"description": "Ads to display on the index of pages", "slug": "index", "title": "Index"}}, {"pk": 2, "model": "adzone.adzone", "fields": {"description": "House ads on index pages.", "slug": "house-index", "title": "House Index"}}, {"pk": 1, "model": "adzone.adbase", "fields": {"category": 1, "advertiser": 1, "updated": "2010-10-08 20:19:50", "zone": 1, "title": "The Activity Shop ", "url": "http://theactivityshop.com", "since": "2010-10-08 20:16:19", "enabled": true, "expires_on": null}}, {"pk": 2, "model": "adzone.adbase", "fields": {"category": 1, "advertiser": 1, "updated": "2010-10-08 20:20:21", "zone": 1, "title": "Blue Hill Orthopedics", "url": "http://bhmh.org", "since": "2010-10-08 20:19:50", "enabled": true, "expires_on": null}}, {"pk": 3, "model": "adzone.adbase", "fields": {"category": 1, "advertiser": 1, "updated": "2010-10-08 20:20:46", "zone": 1, "title": "Blue Hill Women's Health Care", "url": "http://bhmh.org", "since": "2010-10-08 20:20:21", "enabled": true, "expires_on": null}}, {"pk": 4, "model": "adzone.adbase", "fields": {"category": 1, "advertiser": 1, "updated": "2010-10-08 20:21:12", "zone": 1, "title": "Billings Diesel Marine", "url": "http://billingsdiesel.com", "since": "2010-10-08 20:20:47", "enabled": true, "expires_on": null}}, {"pk": 5, "model": "adzone.adbase", "fields": {"category": 1, "advertiser": 1, "updated": "2010-10-08 20:21:35", "zone": 1, "title": "Compass Point Real Estate", "url": "http://compasspoint.com", "since": "2010-10-08 20:21:12", "enabled": true, "expires_on": null}}, {"pk": 6, "model": "adzone.adbase", "fields": {"category": 1, "advertiser": 1, "updated": "2010-10-08 20:22:16", "zone": 1, "title": "The Davis Agency", "url": "http://thedavisagency.com", "since": "2010-10-08 20:21:35", "enabled": true, "expires_on": null}}, {"pk": 7, "model": "adzone.adbase", "fields": {"category": 1, "advertiser": 1, "updated": "2010-10-08 20:22:44", "zone": 1, "title": "EBS Kraft Maid", "url": "http://ebsbuild.com", "since": "2010-10-08 20:22:17", "enabled": true, "expires_on": null}}, {"pk": 8, "model": "adzone.adbase", "fields": {"category": 1, "advertiser": 1, "updated": "2010-10-08 20:23:11", "zone": 1, "title": "Island Vacation Rentals", "url": "http://islandvacationrentals.com", "since": "2010-10-08 20:22:45", "enabled": true, "expires_on": null}}, {"pk": 9, "model": "adzone.adbase", "fields": {"category": 1, "advertiser": 1, "updated": "2010-10-08 20:23:52", "zone": 1, "title": "Parker Ridge", "url": "http://parkerridge.com", "since": "2010-10-08 20:23:11", "enabled": true, "expires_on": null}}, {"pk": 10, "model": "adzone.adbase", "fields": {"category": 1, "advertiser": 1, "updated": "2010-10-08 20:24:42", "zone": 1, "title": "South Deer Isle Storage", "url": "http://southdeerislestorage.com", "since": "2010-10-08 20:23:52", "enabled": true, "expires_on": null}}, {"pk": 11, "model": "adzone.adbase", "fields": {"category": 1, "advertiser": 1, "updated": "2010-10-08 20:25:07", "zone": 1, "title": "Maine Vacation Cottages", "url": "http://mainevacationcottages.com", "since": "2010-10-08 20:24:43", "enabled": true, "expires_on": null}}, {"pk": 12, "model": "adzone.adbase", "fields": {"category": 1, "advertiser": 1, "updated": "2010-10-08 20:25:49", "zone": 1, "title": "Vacation Cottages Winter Rentals", "url": "http://vacationcottages.com", "since": "2010-10-08 20:25:07", "enabled": true, "expires_on": null}}, {"pk": 13, "model": "adzone.adbase", "fields": {"category": 2, "advertiser": 2, "updated": "2010-10-09 00:07:58", "zone": 2, "title": "Stonington Webcam", "url": "http://penobscotbaypress.com", "since": "2010-10-09 00:07:33", "enabled": true, "expires_on": null}}, {"pk": 1, "model": "adzone.adimpression", "fields": {"source_ip": "127.0.0.1", "impression_date": "2010-10-09 00:08:00", "ad": 13}}, {"pk": 2, "model": "adzone.adimpression", "fields": {"source_ip": "127.0.0.1", "impression_date": "2010-10-09 00:16:02", "ad": 13}}, {"pk": 3, "model": "adzone.adimpression", "fields": {"source_ip": "127.0.0.1", "impression_date": "2010-10-09 00:16:32", "ad": 13}}, {"pk": 4, "model": "adzone.adimpression", "fields": {"source_ip": "127.0.0.1", "impression_date": "2010-10-09 00:17:03", "ad": 13}}, {"pk": 5, "model": "adzone.adimpression", "fields": {"source_ip": "127.0.0.1", "impression_date": "2010-10-09 00:17:26", "ad": 13}}, {"pk": 6, "model": "adzone.adimpression", "fields": {"source_ip": "127.0.0.1", "impression_date": "2010-10-09 00:18:26", "ad": 2}}, {"pk": 7, "model": "adzone.adimpression", "fields": {"source_ip": "127.0.0.1", "impression_date": "2010-10-09 00:18:26", "ad": 4}}, {"pk": 8, "model": "adzone.adimpression", "fields": {"source_ip": "127.0.0.1", "impression_date": "2010-10-09 00:18:26", "ad": 9}}, {"pk": 9, "model": "adzone.adimpression", "fields": {"source_ip": "127.0.0.1", "impression_date": "2010-10-09 00:18:26", "ad": 7}}, {"pk": 10, "model": "adzone.adimpression", "fields": {"source_ip": "127.0.0.1", "impression_date": "2010-10-09 00:18:26", "ad": 13}}, {"pk": 11, "model": "adzone.adimpression", "fields": {"source_ip": "127.0.0.1", "impression_date": "2010-10-09 00:18:46", "ad": 4}}, {"pk": 12, "model": "adzone.adimpression", "fields": {"source_ip": "127.0.0.1", "impression_date": "2010-10-09 00:18:46", "ad": 11}}, {"pk": 13, "model": "adzone.adimpression", "fields": {"source_ip": "127.0.0.1", "impression_date": "2010-10-09 00:18:46", "ad": 12}}, {"pk": 14, "model": "adzone.adimpression", "fields": {"source_ip": "127.0.0.1", "impression_date": "2010-10-09 00:18:46", "ad": 9}}, {"pk": 15, "model": "adzone.adimpression", "fields": {"source_ip": "127.0.0.1", "impression_date": "2010-10-09 00:18:46", "ad": 13}}, {"pk": 16, "model": "adzone.adimpression", "fields": {"source_ip": "127.0.0.1", "impression_date": "2010-10-09 00:18:50", "ad": 1}}, {"pk": 17, "model": "adzone.adimpression", "fields": {"source_ip": "127.0.0.1", "impression_date": "2010-10-09 00:18:50", "ad": 5}}, {"pk": 18, "model": "adzone.adimpression", "fields": {"source_ip": "127.0.0.1", "impression_date": "2010-10-09 00:18:50", "ad": 4}}, {"pk": 19, "model": "adzone.adimpression", "fields": {"source_ip": "127.0.0.1", "impression_date": "2010-10-09 00:18:50", "ad": 9}}, {"pk": 20, "model": "adzone.adimpression", "fields": {"source_ip": "127.0.0.1", "impression_date": "2010-10-09 00:18:50", "ad": 13}}, {"pk": 21, "model": "adzone.adimpression", "fields": {"source_ip": "127.0.0.1", "impression_date": "2010-10-09 00:18:54", "ad": 11}}, {"pk": 22, "model": "adzone.adimpression", "fields": {"source_ip": "127.0.0.1", "impression_date": "2010-10-09 00:18:54", "ad": 4}}, {"pk": 23, "model": "adzone.adimpression", "fields": {"source_ip": "127.0.0.1", "impression_date": "2010-10-09 00:18:54", "ad": 10}}, {"pk": 24, "model": "adzone.adimpression", "fields": {"source_ip": "127.0.0.1", "impression_date": "2010-10-09 00:18:54", "ad": 2}}, {"pk": 25, "model": "adzone.adimpression", "fields": {"source_ip": "127.0.0.1", "impression_date": "2010-10-09 00:18:54", "ad": 13}}, {"pk": 26, "model": "adzone.adimpression", "fields": {"source_ip": "127.0.0.1", "impression_date": "2010-10-09 00:18:59", "ad": 10}}, {"pk": 27, "model": "adzone.adimpression", "fields": {"source_ip": "127.0.0.1", "impression_date": "2010-10-09 00:18:59", "ad": 3}}, {"pk": 28, "model": "adzone.adimpression", "fields": {"source_ip": "127.0.0.1", "impression_date": "2010-10-09 00:18:59", "ad": 2}}, {"pk": 29, "model": "adzone.adimpression", "fields": {"source_ip": "127.0.0.1", "impression_date": "2010-10-09 00:18:59", "ad": 5}}, {"pk": 30, "model": "adzone.adimpression", "fields": {"source_ip": "127.0.0.1", "impression_date": "2010-10-09 00:18:59", "ad": 13}}, {"pk": 31, "model": "adzone.adimpression", "fields": {"source_ip": "127.0.0.1", "impression_date": "2010-10-09 00:19:03", "ad": 3}}, {"pk": 32, "model": "adzone.adimpression", "fields": {"source_ip": "127.0.0.1", "impression_date": "2010-10-09 00:19:03", "ad": 10}}, {"pk": 33, "model": "adzone.adimpression", "fields": {"source_ip": "127.0.0.1", "impression_date": "2010-10-09 00:19:04", "ad": 2}}, {"pk": 34, "model": "adzone.adimpression", "fields": {"source_ip": "127.0.0.1", "impression_date": "2010-10-09 00:19:04", "ad": 4}}, {"pk": 35, "model": "adzone.adimpression", "fields": {"source_ip": "127.0.0.1", "impression_date": "2010-10-09 00:19:04", "ad": 13}}, {"pk": 36, "model": "adzone.adimpression", "fields": {"source_ip": "127.0.0.1", "impression_date": "2010-10-09 00:19:07", "ad": 2}}, {"pk": 37, "model": "adzone.adimpression", "fields": {"source_ip": "127.0.0.1", "impression_date": "2010-10-09 00:19:07", "ad": 3}}, {"pk": 38, "model": "adzone.adimpression", "fields": {"source_ip": "127.0.0.1", "impression_date": "2010-10-09 00:19:07", "ad": 4}}, {"pk": 39, "model": "adzone.adimpression", "fields": {"source_ip": "127.0.0.1", "impression_date": "2010-10-09 00:19:07", "ad": 9}}, {"pk": 40, "model": "adzone.adimpression", "fields": {"source_ip": "127.0.0.1", "impression_date": "2010-10-09 00:19:08", "ad": 13}}, {"pk": 41, "model": "adzone.adimpression", "fields": {"source_ip": "127.0.0.1", "impression_date": "2010-10-09 00:19:12", "ad": 4}}, {"pk": 42, "model": "adzone.adimpression", "fields": {"source_ip": "127.0.0.1", "impression_date": "2010-10-09 00:19:12", "ad": 7}}, {"pk": 43, "model": "adzone.adimpression", "fields": {"source_ip": "127.0.0.1", "impression_date": "2010-10-09 00:19:12", "ad": 11}}, {"pk": 44, "model": "adzone.adimpression", "fields": {"source_ip": "127.0.0.1", "impression_date": "2010-10-09 00:19:12", "ad": 12}}, {"pk": 45, "model": "adzone.adimpression", "fields": {"source_ip": "127.0.0.1", "impression_date": "2010-10-09 00:19:12", "ad": 13}}, {"pk": 46, "model": "adzone.adimpression", "fields": {"source_ip": "127.0.0.1", "impression_date": "2010-10-09 00:21:49", "ad": 1}}, {"pk": 47, "model": "adzone.adimpression", "fields": {"source_ip": "127.0.0.1", "impression_date": "2010-10-09 00:21:49", "ad": 4}}, {"pk": 48, "model": "adzone.adimpression", "fields": {"source_ip": "127.0.0.1", "impression_date": "2010-10-09 00:21:49", "ad": 11}}, {"pk": 49, "model": "adzone.adimpression", "fields": {"source_ip": "127.0.0.1", "impression_date": "2010-10-09 00:21:49", "ad": 7}}, {"pk": 50, "model": "adzone.adimpression", "fields": {"source_ip": "127.0.0.1", "impression_date": "2010-10-09 00:21:49", "ad": 13}}, {"pk": 51, "model": "adzone.adimpression", "fields": {"source_ip": "127.0.0.1", "impression_date": "2010-10-09 00:22:11", "ad": 9}}, {"pk": 52, "model": "adzone.adimpression", "fields": {"source_ip": "127.0.0.1", "impression_date": "2010-10-09 00:22:11", "ad": 5}}, {"pk": 53, "model": "adzone.adimpression", "fields": {"source_ip": "127.0.0.1", "impression_date": "2010-10-09 00:22:11", "ad": 3}}, {"pk": 54, "model": "adzone.adimpression", "fields": {"source_ip": "127.0.0.1", "impression_date": "2010-10-09 00:22:11", "ad": 11}}, {"pk": 55, "model": "adzone.adimpression", "fields": {"source_ip": "127.0.0.1", "impression_date": "2010-10-09 00:22:11", "ad": 13}}, {"pk": 56, "model": "adzone.adimpression", "fields": {"source_ip": "127.0.0.1", "impression_date": "2010-10-09 00:25:31", "ad": 5}}, {"pk": 57, "model": "adzone.adimpression", "fields": {"source_ip": "127.0.0.1", "impression_date": "2010-10-09 00:25:31", "ad": 2}}, {"pk": 58, "model": "adzone.adimpression", "fields": {"source_ip": "127.0.0.1", "impression_date": "2010-10-09 00:25:31", "ad": 10}}, {"pk": 59, "model": "adzone.adimpression", "fields": {"source_ip": "127.0.0.1", "impression_date": "2010-10-09 00:25:31", "ad": 1}}, {"pk": 60, "model": "adzone.adimpression", "fields": {"source_ip": "127.0.0.1", "impression_date": "2010-10-09 00:25:31", "ad": 13}}, {"pk": 61, "model": "adzone.adimpression", "fields": {"source_ip": "127.0.0.1", "impression_date": "2010-10-11 10:19:11", "ad": 9}}, {"pk": 62, "model": "adzone.adimpression", "fields": {"source_ip": "127.0.0.1", "impression_date": "2010-10-11 10:19:11", "ad": 8}}, {"pk": 63, "model": "adzone.adimpression", "fields": {"source_ip": "127.0.0.1", "impression_date": "2010-10-11 10:19:11", "ad": 4}}, {"pk": 64, "model": "adzone.adimpression", "fields": {"source_ip": "127.0.0.1", "impression_date": "2010-10-11 10:19:11", "ad": 12}}, {"pk": 65, "model": "adzone.adimpression", "fields": {"source_ip": "127.0.0.1", "impression_date": "2010-10-11 10:19:12", "ad": 13}}, {"pk": 66, "model": "adzone.adimpression", "fields": {"source_ip": "127.0.0.1", "impression_date": "2010-10-11 10:19:20", "ad": 9}}, {"pk": 67, "model": "adzone.adimpression", "fields": {"source_ip": "127.0.0.1", "impression_date": "2010-10-11 10:19:20", "ad": 11}}, {"pk": 68, "model": "adzone.adimpression", "fields": {"source_ip": "127.0.0.1", "impression_date": "2010-10-11 10:19:21", "ad": 4}}, {"pk": 69, "model": "adzone.adimpression", "fields": {"source_ip": "127.0.0.1", "impression_date": "2010-10-11 10:19:21", "ad": 5}}, {"pk": 70, "model": "adzone.adimpression", "fields": {"source_ip": "127.0.0.1", "impression_date": "2010-10-11 10:19:22", "ad": 13}}, {"pk": 71, "model": "adzone.adimpression", "fields": {"source_ip": "127.0.0.1", "impression_date": "2010-10-11 10:20:37", "ad": 2}}, {"pk": 72, "model": "adzone.adimpression", "fields": {"source_ip": "127.0.0.1", "impression_date": "2010-10-11 10:20:37", "ad": 6}}, {"pk": 73, "model": "adzone.adimpression", "fields": {"source_ip": "127.0.0.1", "impression_date": "2010-10-11 10:20:37", "ad": 5}}, {"pk": 74, "model": "adzone.adimpression", "fields": {"source_ip": "127.0.0.1", "impression_date": "2010-10-11 10:20:38", "ad": 1}}, {"pk": 75, "model": "adzone.adimpression", "fields": {"source_ip": "127.0.0.1", "impression_date": "2010-10-11 10:20:38", "ad": 13}}, {"pk": 76, "model": "adzone.adimpression", "fields": {"source_ip": "127.0.0.1", "impression_date": "2010-10-11 10:20:46", "ad": 10}}, {"pk": 77, "model": "adzone.adimpression", "fields": {"source_ip": "127.0.0.1", "impression_date": "2010-10-11 10:20:47", "ad": 4}}, {"pk": 78, "model": "adzone.adimpression", "fields": {"source_ip": "127.0.0.1", "impression_date": "2010-10-11 10:20:47", "ad": 12}}, {"pk": 79, "model": "adzone.adimpression", "fields": {"source_ip": "127.0.0.1", "impression_date": "2010-10-11 10:20:47", "ad": 2}}, {"pk": 80, "model": "adzone.adimpression", "fields": {"source_ip": "127.0.0.1", "impression_date": "2010-10-11 10:20:48", "ad": 13}}, {"pk": 81, "model": "adzone.adimpression", "fields": {"source_ip": "127.0.0.1", "impression_date": "2010-10-11 10:21:09", "ad": 8}}, {"pk": 82, "model": "adzone.adimpression", "fields": {"source_ip": "127.0.0.1", "impression_date": "2010-10-11 10:21:09", "ad": 3}}, {"pk": 83, "model": "adzone.adimpression", "fields": {"source_ip": "127.0.0.1", "impression_date": "2010-10-11 10:21:10", "ad": 4}}, {"pk": 84, "model": "adzone.adimpression", "fields": {"source_ip": "127.0.0.1", "impression_date": "2010-10-11 10:21:10", "ad": 9}}, {"pk": 85, "model": "adzone.adimpression", "fields": {"source_ip": "127.0.0.1", "impression_date": "2010-10-11 10:21:11", "ad": 13}}, {"pk": 86, "model": "adzone.adimpression", "fields": {"source_ip": "127.0.0.1", "impression_date": "2010-10-11 10:21:20", "ad": 6}}, {"pk": 87, "model": "adzone.adimpression", "fields": {"source_ip": "127.0.0.1", "impression_date": "2010-10-11 10:21:20", "ad": 11}}, {"pk": 88, "model": "adzone.adimpression", "fields": {"source_ip": "127.0.0.1", "impression_date": "2010-10-11 10:21:21", "ad": 8}}, {"pk": 89, "model": "adzone.adimpression", "fields": {"source_ip": "127.0.0.1", "impression_date": "2010-10-11 10:21:21", "ad": 1}}, {"pk": 90, "model": "adzone.adimpression", "fields": {"source_ip": "127.0.0.1", "impression_date": "2010-10-11 10:21:22", "ad": 13}}, {"pk": 91, "model": "adzone.adimpression", "fields": {"source_ip": "127.0.0.1", "impression_date": "2010-10-11 10:22:57", "ad": 8}}, {"pk": 92, "model": "adzone.adimpression", "fields": {"source_ip": "127.0.0.1", "impression_date": "2010-10-11 10:22:58", "ad": 11}}, {"pk": 93, "model": "adzone.adimpression", "fields": {"source_ip": "127.0.0.1", "impression_date": "2010-10-11 10:22:58", "ad": 3}}, {"pk": 94, "model": "adzone.adimpression", "fields": {"source_ip": "127.0.0.1", "impression_date": "2010-10-11 10:22:58", "ad": 5}}, {"pk": 95, "model": "adzone.adimpression", "fields": {"source_ip": "127.0.0.1", "impression_date": "2010-10-11 10:22:59", "ad": 13}}, {"pk": 96, "model": "adzone.adimpression", "fields": {"source_ip": "127.0.0.1", "impression_date": "2010-10-11 10:23:06", "ad": 3}}, {"pk": 97, "model": "adzone.adimpression", "fields": {"source_ip": "127.0.0.1", "impression_date": "2010-10-11 10:23:06", "ad": 5}}, {"pk": 98, "model": "adzone.adimpression", "fields": {"source_ip": "127.0.0.1", "impression_date": "2010-10-11 10:23:06", "ad": 8}}, {"pk": 99, "model": "adzone.adimpression", "fields": {"source_ip": "127.0.0.1", "impression_date": "2010-10-11 10:23:07", "ad": 10}}, {"pk": 100, "model": "adzone.adimpression", "fields": {"source_ip": "127.0.0.1", "impression_date": "2010-10-11 10:23:08", "ad": 13}}, {"pk": 101, "model": "adzone.adimpression", "fields": {"source_ip": "127.0.0.1", "impression_date": "2010-10-11 10:26:48", "ad": 10}}, {"pk": 102, "model": "adzone.adimpression", "fields": {"source_ip": "127.0.0.1", "impression_date": "2010-10-11 10:26:48", "ad": 2}}, {"pk": 103, "model": "adzone.adimpression", "fields": {"source_ip": "127.0.0.1", "impression_date": "2010-10-11 10:26:48", "ad": 8}}, {"pk": 104, "model": "adzone.adimpression", "fields": {"source_ip": "127.0.0.1", "impression_date": "2010-10-11 10:26:49", "ad": 3}}, {"pk": 105, "model": "adzone.adimpression", "fields": {"source_ip": "127.0.0.1", "impression_date": "2010-10-11 10:26:49", "ad": 13}}, {"pk": 106, "model": "adzone.adimpression", "fields": {"source_ip": "127.0.0.1", "impression_date": "2010-10-11 10:26:59", "ad": 8}}, {"pk": 107, "model": "adzone.adimpression", "fields": {"source_ip": "127.0.0.1", "impression_date": "2010-10-11 10:26:59", "ad": 9}}, {"pk": 108, "model": "adzone.adimpression", "fields": {"source_ip": "127.0.0.1", "impression_date": "2010-10-11 10:26:59", "ad": 1}}, {"pk": 109, "model": "adzone.adimpression", "fields": {"source_ip": "127.0.0.1", "impression_date": "2010-10-11 10:26:59", "ad": 12}}, {"pk": 110, "model": "adzone.adimpression", "fields": {"source_ip": "127.0.0.1", "impression_date": "2010-10-11 10:27:00", "ad": 13}}, {"pk": 111, "model": "adzone.adimpression", "fields": {"source_ip": "127.0.0.1", "impression_date": "2010-10-11 10:31:55", "ad": 9}}, {"pk": 112, "model": "adzone.adimpression", "fields": {"source_ip": "127.0.0.1", "impression_date": "2010-10-11 10:31:55", "ad": 2}}, {"pk": 113, "model": "adzone.adimpression", "fields": {"source_ip": "127.0.0.1", "impression_date": "2010-10-11 10:31:55", "ad": 3}}, {"pk": 114, "model": "adzone.adimpression", "fields": {"source_ip": "127.0.0.1", "impression_date": "2010-10-11 10:31:55", "ad": 1}}, {"pk": 115, "model": "adzone.adimpression", "fields": {"source_ip": "127.0.0.1", "impression_date": "2010-10-11 10:31:56", "ad": 13}}, {"pk": 116, "model": "adzone.adimpression", "fields": {"source_ip": "127.0.0.1", "impression_date": "2010-10-11 10:33:11", "ad": 12}}, {"pk": 117, "model": "adzone.adimpression", "fields": {"source_ip": "127.0.0.1", "impression_date": "2010-10-11 10:33:11", "ad": 1}}, {"pk": 118, "model": "adzone.adimpression", "fields": {"source_ip": "127.0.0.1", "impression_date": "2010-10-11 10:33:11", "ad": 2}}, {"pk": 119, "model": "adzone.adimpression", "fields": {"source_ip": "127.0.0.1", "impression_date": "2010-10-11 10:33:11", "ad": 3}}, {"pk": 120, "model": "adzone.adimpression", "fields": {"source_ip": "127.0.0.1", "impression_date": "2010-10-11 10:33:12", "ad": 13}}, {"pk": 121, "model": "adzone.adimpression", "fields": {"source_ip": "127.0.0.1", "impression_date": "2010-10-11 10:34:14", "ad": 5}}, {"pk": 122, "model": "adzone.adimpression", "fields": {"source_ip": "127.0.0.1", "impression_date": "2010-10-11 10:34:14", "ad": 1}}, {"pk": 123, "model": "adzone.adimpression", "fields": {"source_ip": "127.0.0.1", "impression_date": "2010-10-11 10:34:14", "ad": 7}}, {"pk": 124, "model": "adzone.adimpression", "fields": {"source_ip": "127.0.0.1", "impression_date": "2010-10-11 10:34:14", "ad": 10}}, {"pk": 125, "model": "adzone.adimpression", "fields": {"source_ip": "127.0.0.1", "impression_date": "2010-10-11 10:34:15", "ad": 13}}, {"pk": 126, "model": "adzone.adimpression", "fields": {"source_ip": "127.0.0.1", "impression_date": "2010-10-11 10:56:14", "ad": 6}}, {"pk": 127, "model": "adzone.adimpression", "fields": {"source_ip": "127.0.0.1", "impression_date": "2010-10-11 10:56:14", "ad": 11}}, {"pk": 128, "model": "adzone.adimpression", "fields": {"source_ip": "127.0.0.1", "impression_date": "2010-10-11 10:56:14", "ad": 4}}, {"pk": 129, "model": "adzone.adimpression", "fields": {"source_ip": "127.0.0.1", "impression_date": "2010-10-11 10:56:14", "ad": 10}}, {"pk": 130, "model": "adzone.adimpression", "fields": {"source_ip": "127.0.0.1", "impression_date": "2010-10-11 10:56:15", "ad": 13}}, {"pk": 131, "model": "adzone.adimpression", "fields": {"source_ip": "127.0.0.1", "impression_date": "2010-10-11 11:52:36", "ad": 3}}, {"pk": 132, "model": "adzone.adimpression", "fields": {"source_ip": "127.0.0.1", "impression_date": "2010-10-11 11:52:36", "ad": 5}}, {"pk": 133, "model": "adzone.adimpression", "fields": {"source_ip": "127.0.0.1", "impression_date": "2010-10-11 11:52:36", "ad": 12}}, {"pk": 134, "model": "adzone.adimpression", "fields": {"source_ip": "127.0.0.1", "impression_date": "2010-10-11 11:52:36", "ad": 2}}, {"pk": 135, "model": "adzone.adimpression", "fields": {"source_ip": "127.0.0.1", "impression_date": "2010-10-11 11:52:37", "ad": 13}}, {"pk": 136, "model": "adzone.adimpression", "fields": {"source_ip": "127.0.0.1", "impression_date": "2010-10-11 11:52:42", "ad": 2}}, {"pk": 137, "model": "adzone.adimpression", "fields": {"source_ip": "127.0.0.1", "impression_date": "2010-10-11 11:52:43", "ad": 12}}, {"pk": 138, "model": "adzone.adimpression", "fields": {"source_ip": "127.0.0.1", "impression_date": "2010-10-11 11:52:43", "ad": 8}}, {"pk": 139, "model": "adzone.adimpression", "fields": {"source_ip": "127.0.0.1", "impression_date": "2010-10-11 11:52:43", "ad": 4}}, {"pk": 140, "model": "adzone.adimpression", "fields": {"source_ip": "127.0.0.1", "impression_date": "2010-10-11 11:52:43", "ad": 13}}, {"pk": 141, "model": "adzone.adimpression", "fields": {"source_ip": "127.0.0.1", "impression_date": "2010-10-11 11:52:48", "ad": 2}}, {"pk": 142, "model": "adzone.adimpression", "fields": {"source_ip": "127.0.0.1", "impression_date": "2010-10-11 11:52:49", "ad": 1}}, {"pk": 143, "model": "adzone.adimpression", "fields": {"source_ip": "127.0.0.1", "impression_date": "2010-10-11 11:52:49", "ad": 7}}, {"pk": 144, "model": "adzone.adimpression", "fields": {"source_ip": "127.0.0.1", "impression_date": "2010-10-11 11:52:49", "ad": 5}}, {"pk": 145, "model": "adzone.adimpression", "fields": {"source_ip": "127.0.0.1", "impression_date": "2010-10-11 11:52:49", "ad": 13}}, {"pk": 146, "model": "adzone.adimpression", "fields": {"source_ip": "127.0.0.1", "impression_date": "2010-10-11 11:53:20", "ad": 12}}, {"pk": 147, "model": "adzone.adimpression", "fields": {"source_ip": "127.0.0.1", "impression_date": "2010-10-11 11:53:20", "ad": 5}}, {"pk": 148, "model": "adzone.adimpression", "fields": {"source_ip": "127.0.0.1", "impression_date": "2010-10-11 11:53:20", "ad": 11}}, {"pk": 149, "model": "adzone.adimpression", "fields": {"source_ip": "127.0.0.1", "impression_date": "2010-10-11 11:53:20", "ad": 2}}, {"pk": 150, "model": "adzone.adimpression", "fields": {"source_ip": "127.0.0.1", "impression_date": "2010-10-11 11:53:20", "ad": 13}}, {"pk": 151, "model": "adzone.adimpression", "fields": {"source_ip": "127.0.0.1", "impression_date": "2010-10-11 11:53:26", "ad": 6}}, {"pk": 152, "model": "adzone.adimpression", "fields": {"source_ip": "127.0.0.1", "impression_date": "2010-10-11 11:53:26", "ad": 7}}, {"pk": 153, "model": "adzone.adimpression", "fields": {"source_ip": "127.0.0.1", "impression_date": "2010-10-11 11:53:27", "ad": 5}}, {"pk": 154, "model": "adzone.adimpression", "fields": {"source_ip": "127.0.0.1", "impression_date": "2010-10-11 11:53:27", "ad": 12}}, {"pk": 155, "model": "adzone.adimpression", "fields": {"source_ip": "127.0.0.1", "impression_date": "2010-10-11 11:53:28", "ad": 13}}, {"pk": 156, "model": "adzone.adimpression", "fields": {"source_ip": "127.0.0.1", "impression_date": "2010-10-11 11:53:33", "ad": 1}}, {"pk": 157, "model": "adzone.adimpression", "fields": {"source_ip": "127.0.0.1", "impression_date": "2010-10-11 11:53:33", "ad": 8}}, {"pk": 158, "model": "adzone.adimpression", "fields": {"source_ip": "127.0.0.1", "impression_date": "2010-10-11 11:53:33", "ad": 10}}, {"pk": 159, "model": "adzone.adimpression", "fields": {"source_ip": "127.0.0.1", "impression_date": "2010-10-11 11:53:33", "ad": 12}}, {"pk": 160, "model": "adzone.adimpression", "fields": {"source_ip": "127.0.0.1", "impression_date": "2010-10-11 11:53:34", "ad": 13}}, {"pk": 161, "model": "adzone.adimpression", "fields": {"source_ip": "127.0.0.1", "impression_date": "2010-10-11 11:53:42", "ad": 5}}, {"pk": 162, "model": "adzone.adimpression", "fields": {"source_ip": "127.0.0.1", "impression_date": "2010-10-11 11:53:42", "ad": 6}}, {"pk": 163, "model": "adzone.adimpression", "fields": {"source_ip": "127.0.0.1", "impression_date": "2010-10-11 11:53:42", "ad": 12}}, {"pk": 164, "model": "adzone.adimpression", "fields": {"source_ip": "127.0.0.1", "impression_date": "2010-10-11 11:53:42", "ad": 1}}, {"pk": 165, "model": "adzone.adimpression", "fields": {"source_ip": "127.0.0.1", "impression_date": "2010-10-11 11:53:42", "ad": 13}}, {"pk": 166, "model": "adzone.adimpression", "fields": {"source_ip": "127.0.0.1", "impression_date": "2010-10-11 11:53:51", "ad": 11}}, {"pk": 167, "model": "adzone.adimpression", "fields": {"source_ip": "127.0.0.1", "impression_date": "2010-10-11 11:53:51", "ad": 2}}, {"pk": 168, "model": "adzone.adimpression", "fields": {"source_ip": "127.0.0.1", "impression_date": "2010-10-11 11:53:51", "ad": 10}}, {"pk": 169, "model": "adzone.adimpression", "fields": {"source_ip": "127.0.0.1", "impression_date": "2010-10-11 11:53:51", "ad": 6}}, {"pk": 170, "model": "adzone.adimpression", "fields": {"source_ip": "127.0.0.1", "impression_date": "2010-10-11 11:53:52", "ad": 13}}, {"pk": 171, "model": "adzone.adimpression", "fields": {"source_ip": "127.0.0.1", "impression_date": "2010-10-11 11:54:07", "ad": 5}}, {"pk": 172, "model": "adzone.adimpression", "fields": {"source_ip": "127.0.0.1", "impression_date": "2010-10-11 11:54:07", "ad": 6}}, {"pk": 173, "model": "adzone.adimpression", "fields": {"source_ip": "127.0.0.1", "impression_date": "2010-10-11 11:54:07", "ad": 4}}, {"pk": 174, "model": "adzone.adimpression", "fields": {"source_ip": "127.0.0.1", "impression_date": "2010-10-11 11:54:07", "ad": 10}}, {"pk": 175, "model": "adzone.adimpression", "fields": {"source_ip": "127.0.0.1", "impression_date": "2010-10-11 11:54:08", "ad": 13}}, {"pk": 176, "model": "adzone.adimpression", "fields": {"source_ip": "127.0.0.1", "impression_date": "2010-10-11 11:54:16", "ad": 11}}, {"pk": 177, "model": "adzone.adimpression", "fields": {"source_ip": "127.0.0.1", "impression_date": "2010-10-11 11:54:16", "ad": 9}}, {"pk": 178, "model": "adzone.adimpression", "fields": {"source_ip": "127.0.0.1", "impression_date": "2010-10-11 11:54:16", "ad": 8}}, {"pk": 179, "model": "adzone.adimpression", "fields": {"source_ip": "127.0.0.1", "impression_date": "2010-10-11 11:54:16", "ad": 1}}, {"pk": 180, "model": "adzone.adimpression", "fields": {"source_ip": "127.0.0.1", "impression_date": "2010-10-11 11:54:17", "ad": 13}}, {"pk": 181, "model": "adzone.adimpression", "fields": {"source_ip": "127.0.0.1", "impression_date": "2010-10-11 11:54:28", "ad": 1}}, {"pk": 182, "model": "adzone.adimpression", "fields": {"source_ip": "127.0.0.1", "impression_date": "2010-10-11 11:54:28", "ad": 3}}, {"pk": 183, "model": "adzone.adimpression", "fields": {"source_ip": "127.0.0.1", "impression_date": "2010-10-11 11:54:28", "ad": 9}}, {"pk": 184, "model": "adzone.adimpression", "fields": {"source_ip": "127.0.0.1", "impression_date": "2010-10-11 11:54:28", "ad": 10}}, {"pk": 185, "model": "adzone.adimpression", "fields": {"source_ip": "127.0.0.1", "impression_date": "2010-10-11 11:54:29", "ad": 13}}, {"pk": 186, "model": "adzone.adimpression", "fields": {"source_ip": "127.0.0.1", "impression_date": "2010-10-11 11:54:36", "ad": 7}}, {"pk": 187, "model": "adzone.adimpression", "fields": {"source_ip": "127.0.0.1", "impression_date": "2010-10-11 11:54:36", "ad": 2}}, {"pk": 188, "model": "adzone.adimpression", "fields": {"source_ip": "127.0.0.1", "impression_date": "2010-10-11 11:54:36", "ad": 12}}, {"pk": 189, "model": "adzone.adimpression", "fields": {"source_ip": "127.0.0.1", "impression_date": "2010-10-11 11:54:36", "ad": 5}}, {"pk": 190, "model": "adzone.adimpression", "fields": {"source_ip": "127.0.0.1", "impression_date": "2010-10-11 11:54:37", "ad": 13}}, {"pk": 191, "model": "adzone.adimpression", "fields": {"source_ip": "127.0.0.1", "impression_date": "2010-10-11 11:54:42", "ad": 7}}, {"pk": 192, "model": "adzone.adimpression", "fields": {"source_ip": "127.0.0.1", "impression_date": "2010-10-11 11:54:42", "ad": 12}}, {"pk": 193, "model": "adzone.adimpression", "fields": {"source_ip": "127.0.0.1", "impression_date": "2010-10-11 11:54:42", "ad": 10}}, {"pk": 194, "model": "adzone.adimpression", "fields": {"source_ip": "127.0.0.1", "impression_date": "2010-10-11 11:54:42", "ad": 4}}, {"pk": 195, "model": "adzone.adimpression", "fields": {"source_ip": "127.0.0.1", "impression_date": "2010-10-11 11:54:43", "ad": 13}}, {"pk": 196, "model": "adzone.adimpression", "fields": {"source_ip": "127.0.0.1", "impression_date": "2010-10-11 11:54:50", "ad": 11}}, {"pk": 197, "model": "adzone.adimpression", "fields": {"source_ip": "127.0.0.1", "impression_date": "2010-10-11 11:54:50", "ad": 8}}, {"pk": 198, "model": "adzone.adimpression", "fields": {"source_ip": "127.0.0.1", "impression_date": "2010-10-11 11:54:50", "ad": 2}}, {"pk": 199, "model": "adzone.adimpression", "fields": {"source_ip": "127.0.0.1", "impression_date": "2010-10-11 11:54:50", "ad": 3}}, {"pk": 200, "model": "adzone.adimpression", "fields": {"source_ip": "127.0.0.1", "impression_date": "2010-10-11 11:54:50", "ad": 13}}, {"pk": 201, "model": "adzone.adimpression", "fields": {"source_ip": "127.0.0.1", "impression_date": "2010-10-11 12:08:54", "ad": 11}}, {"pk": 202, "model": "adzone.adimpression", "fields": {"source_ip": "127.0.0.1", "impression_date": "2010-10-11 12:08:54", "ad": 5}}, {"pk": 203, "model": "adzone.adimpression", "fields": {"source_ip": "127.0.0.1", "impression_date": "2010-10-11 12:08:54", "ad": 4}}, {"pk": 204, "model": "adzone.adimpression", "fields": {"source_ip": "127.0.0.1", "impression_date": "2010-10-11 12:08:54", "ad": 1}}, {"pk": 205, "model": "adzone.adimpression", "fields": {"source_ip": "127.0.0.1", "impression_date": "2010-10-11 12:08:54", "ad": 13}}, {"pk": 206, "model": "adzone.adimpression", "fields": {"source_ip": "127.0.0.1", "impression_date": "2010-10-11 12:09:03", "ad": 6}}, {"pk": 207, "model": "adzone.adimpression", "fields": {"source_ip": "127.0.0.1", "impression_date": "2010-10-11 12:09:03", "ad": 1}}, {"pk": 208, "model": "adzone.adimpression", "fields": {"source_ip": "127.0.0.1", "impression_date": "2010-10-11 12:09:04", "ad": 7}}, {"pk": 209, "model": "adzone.adimpression", "fields": {"source_ip": "127.0.0.1", "impression_date": "2010-10-11 12:09:04", "ad": 9}}, {"pk": 210, "model": "adzone.adimpression", "fields": {"source_ip": "127.0.0.1", "impression_date": "2010-10-11 12:09:04", "ad": 13}}, {"pk": 211, "model": "adzone.adimpression", "fields": {"source_ip": "127.0.0.1", "impression_date": "2010-10-11 12:09:28", "ad": 9}}, {"pk": 212, "model": "adzone.adimpression", "fields": {"source_ip": "127.0.0.1", "impression_date": "2010-10-11 12:09:28", "ad": 11}}, {"pk": 213, "model": "adzone.adimpression", "fields": {"source_ip": "127.0.0.1", "impression_date": "2010-10-11 12:09:28", "ad": 5}}, {"pk": 214, "model": "adzone.adimpression", "fields": {"source_ip": "127.0.0.1", "impression_date": "2010-10-11 12:09:29", "ad": 6}}, {"pk": 215, "model": "adzone.adimpression", "fields": {"source_ip": "127.0.0.1", "impression_date": "2010-10-11 12:09:29", "ad": 13}}, {"pk": 216, "model": "adzone.adimpression", "fields": {"source_ip": "127.0.0.1", "impression_date": "2010-10-11 12:09:36", "ad": 9}}, {"pk": 217, "model": "adzone.adimpression", "fields": {"source_ip": "127.0.0.1", "impression_date": "2010-10-11 12:09:36", "ad": 4}}, {"pk": 218, "model": "adzone.adimpression", "fields": {"source_ip": "127.0.0.1", "impression_date": "2010-10-11 12:09:36", "ad": 12}}, {"pk": 219, "model": "adzone.adimpression", "fields": {"source_ip": "127.0.0.1", "impression_date": "2010-10-11 12:09:36", "ad": 10}}, {"pk": 220, "model": "adzone.adimpression", "fields": {"source_ip": "127.0.0.1", "impression_date": "2010-10-11 12:09:37", "ad": 13}}, {"pk": 221, "model": "adzone.adimpression", "fields": {"source_ip": "127.0.0.1", "impression_date": "2010-10-11 12:09:43", "ad": 5}}, {"pk": 222, "model": "adzone.adimpression", "fields": {"source_ip": "127.0.0.1", "impression_date": "2010-10-11 12:09:45", "ad": 6}}, {"pk": 223, "model": "adzone.adimpression", "fields": {"source_ip": "127.0.0.1", "impression_date": "2010-10-11 12:09:45", "ad": 10}}, {"pk": 224, "model": "adzone.adimpression", "fields": {"source_ip": "127.0.0.1", "impression_date": "2010-10-11 12:09:45", "ad": 8}}, {"pk": 225, "model": "adzone.adimpression", "fields": {"source_ip": "127.0.0.1", "impression_date": "2010-10-11 12:09:45", "ad": 13}}, {"pk": 226, "model": "adzone.adimpression", "fields": {"source_ip": "127.0.0.1", "impression_date": "2010-10-11 12:09:55", "ad": 10}}, {"pk": 227, "model": "adzone.adimpression", "fields": {"source_ip": "127.0.0.1", "impression_date": "2010-10-11 12:09:55", "ad": 7}}, {"pk": 228, "model": "adzone.adimpression", "fields": {"source_ip": "127.0.0.1", "impression_date": "2010-10-11 12:09:55", "ad": 2}}, {"pk": 229, "model": "adzone.adimpression", "fields": {"source_ip": "127.0.0.1", "impression_date": "2010-10-11 12:09:55", "ad": 5}}, {"pk": 230, "model": "adzone.adimpression", "fields": {"source_ip": "127.0.0.1", "impression_date": "2010-10-11 12:09:55", "ad": 13}}, {"pk": 231, "model": "adzone.adimpression", "fields": {"source_ip": "127.0.0.1", "impression_date": "2010-10-11 12:10:01", "ad": 3}}, {"pk": 232, "model": "adzone.adimpression", "fields": {"source_ip": "127.0.0.1", "impression_date": "2010-10-11 12:10:01", "ad": 6}}, {"pk": 233, "model": "adzone.adimpression", "fields": {"source_ip": "127.0.0.1", "impression_date": "2010-10-11 12:10:01", "ad": 9}}, {"pk": 234, "model": "adzone.adimpression", "fields": {"source_ip": "127.0.0.1", "impression_date": "2010-10-11 12:10:01", "ad": 5}}, {"pk": 235, "model": "adzone.adimpression", "fields": {"source_ip": "127.0.0.1", "impression_date": "2010-10-11 12:10:02", "ad": 13}}, {"pk": 236, "model": "adzone.adimpression", "fields": {"source_ip": "127.0.0.1", "impression_date": "2010-10-11 12:10:23", "ad": 3}}, {"pk": 237, "model": "adzone.adimpression", "fields": {"source_ip": "127.0.0.1", "impression_date": "2010-10-11 12:10:23", "ad": 11}}, {"pk": 238, "model": "adzone.adimpression", "fields": {"source_ip": "127.0.0.1", "impression_date": "2010-10-11 12:10:23", "ad": 7}}, {"pk": 239, "model": "adzone.adimpression", "fields": {"source_ip": "127.0.0.1", "impression_date": "2010-10-11 12:10:23", "ad": 1}}, {"pk": 240, "model": "adzone.adimpression", "fields": {"source_ip": "127.0.0.1", "impression_date": "2010-10-11 12:10:23", "ad": 13}}, {"pk": 241, "model": "adzone.adimpression", "fields": {"source_ip": "127.0.0.1", "impression_date": "2010-10-11 12:10:29", "ad": 8}}, {"pk": 242, "model": "adzone.adimpression", "fields": {"source_ip": "127.0.0.1", "impression_date": "2010-10-11 12:10:29", "ad": 5}}, {"pk": 243, "model": "adzone.adimpression", "fields": {"source_ip": "127.0.0.1", "impression_date": "2010-10-11 12:10:29", "ad": 3}}, {"pk": 244, "model": "adzone.adimpression", "fields": {"source_ip": "127.0.0.1", "impression_date": "2010-10-11 12:10:29", "ad": 9}}, {"pk": 245, "model": "adzone.adimpression", "fields": {"source_ip": "127.0.0.1", "impression_date": "2010-10-11 12:10:30", "ad": 13}}, {"pk": 246, "model": "adzone.adimpression", "fields": {"source_ip": "127.0.0.1", "impression_date": "2010-10-11 12:10:43", "ad": 2}}, {"pk": 247, "model": "adzone.adimpression", "fields": {"source_ip": "127.0.0.1", "impression_date": "2010-10-11 12:10:43", "ad": 10}}, {"pk": 248, "model": "adzone.adimpression", "fields": {"source_ip": "127.0.0.1", "impression_date": "2010-10-11 12:10:43", "ad": 7}}, {"pk": 249, "model": "adzone.adimpression", "fields": {"source_ip": "127.0.0.1", "impression_date": "2010-10-11 12:10:43", "ad": 11}}, {"pk": 250, "model": "adzone.adimpression", "fields": {"source_ip": "127.0.0.1", "impression_date": "2010-10-11 12:10:44", "ad": 13}}, {"pk": 251, "model": "adzone.adimpression", "fields": {"source_ip": "127.0.0.1", "impression_date": "2010-10-11 12:11:00", "ad": 8}}, {"pk": 252, "model": "adzone.adimpression", "fields": {"source_ip": "127.0.0.1", "impression_date": "2010-10-11 12:11:00", "ad": 3}}, {"pk": 253, "model": "adzone.adimpression", "fields": {"source_ip": "127.0.0.1", "impression_date": "2010-10-11 12:11:00", "ad": 9}}, {"pk": 254, "model": "adzone.adimpression", "fields": {"source_ip": "127.0.0.1", "impression_date": "2010-10-11 12:11:00", "ad": 1}}, {"pk": 255, "model": "adzone.adimpression", "fields": {"source_ip": "127.0.0.1", "impression_date": "2010-10-11 12:11:01", "ad": 13}}, {"pk": 256, "model": "adzone.adimpression", "fields": {"source_ip": "127.0.0.1", "impression_date": "2010-10-11 12:16:52", "ad": 8}}, {"pk": 257, "model": "adzone.adimpression", "fields": {"source_ip": "127.0.0.1", "impression_date": "2010-10-11 12:16:53", "ad": 4}}, {"pk": 258, "model": "adzone.adimpression", "fields": {"source_ip": "127.0.0.1", "impression_date": "2010-10-11 12:16:53", "ad": 2}}, {"pk": 259, "model": "adzone.adimpression", "fields": {"source_ip": "127.0.0.1", "impression_date": "2010-10-11 12:16:53", "ad": 7}}, {"pk": 260, "model": "adzone.adimpression", "fields": {"source_ip": "127.0.0.1", "impression_date": "2010-10-11 12:16:54", "ad": 13}}, {"pk": 261, "model": "adzone.adimpression", "fields": {"source_ip": "127.0.0.1", "impression_date": "2010-10-11 12:17:01", "ad": 11}}, {"pk": 262, "model": "adzone.adimpression", "fields": {"source_ip": "127.0.0.1", "impression_date": "2010-10-11 12:17:01", "ad": 9}}, {"pk": 263, "model": "adzone.adimpression", "fields": {"source_ip": "127.0.0.1", "impression_date": "2010-10-11 12:17:02", "ad": 12}}, {"pk": 264, "model": "adzone.adimpression", "fields": {"source_ip": "127.0.0.1", "impression_date": "2010-10-11 12:17:02", "ad": 6}}, {"pk": 265, "model": "adzone.adimpression", "fields": {"source_ip": "127.0.0.1", "impression_date": "2010-10-11 12:17:02", "ad": 13}}, {"pk": 266, "model": "adzone.adimpression", "fields": {"source_ip": "127.0.0.1", "impression_date": "2010-10-11 12:17:16", "ad": 12}}, {"pk": 267, "model": "adzone.adimpression", "fields": {"source_ip": "127.0.0.1", "impression_date": "2010-10-11 12:17:16", "ad": 7}}, {"pk": 268, "model": "adzone.adimpression", "fields": {"source_ip": "127.0.0.1", "impression_date": "2010-10-11 12:17:16", "ad": 5}}, {"pk": 269, "model": "adzone.adimpression", "fields": {"source_ip": "127.0.0.1", "impression_date": "2010-10-11 12:17:16", "ad": 3}}, {"pk": 270, "model": "adzone.adimpression", "fields": {"source_ip": "127.0.0.1", "impression_date": "2010-10-11 12:17:17", "ad": 13}}, {"pk": 271, "model": "adzone.adimpression", "fields": {"source_ip": "127.0.0.1", "impression_date": "2010-10-11 12:17:25", "ad": 3}}, {"pk": 272, "model": "adzone.adimpression", "fields": {"source_ip": "127.0.0.1", "impression_date": "2010-10-11 12:17:25", "ad": 1}}, {"pk": 273, "model": "adzone.adimpression", "fields": {"source_ip": "127.0.0.1", "impression_date": "2010-10-11 12:17:25", "ad": 6}}, {"pk": 274, "model": "adzone.adimpression", "fields": {"source_ip": "127.0.0.1", "impression_date": "2010-10-11 12:17:25", "ad": 4}}, {"pk": 275, "model": "adzone.adimpression", "fields": {"source_ip": "127.0.0.1", "impression_date": "2010-10-11 12:17:26", "ad": 13}}, {"pk": 276, "model": "adzone.adimpression", "fields": {"source_ip": "127.0.0.1", "impression_date": "2010-10-11 12:18:23", "ad": 1}}, {"pk": 277, "model": "adzone.adimpression", "fields": {"source_ip": "127.0.0.1", "impression_date": "2010-10-11 12:18:23", "ad": 9}}, {"pk": 278, "model": "adzone.adimpression", "fields": {"source_ip": "127.0.0.1", "impression_date": "2010-10-11 12:18:23", "ad": 4}}, {"pk": 279, "model": "adzone.adimpression", "fields": {"source_ip": "127.0.0.1", "impression_date": "2010-10-11 12:18:23", "ad": 12}}, {"pk": 280, "model": "adzone.adimpression", "fields": {"source_ip": "127.0.0.1", "impression_date": "2010-10-11 12:18:24", "ad": 13}}, {"pk": 281, "model": "adzone.adimpression", "fields": {"source_ip": "127.0.0.1", "impression_date": "2010-10-11 12:19:23", "ad": 8}}, {"pk": 282, "model": "adzone.adimpression", "fields": {"source_ip": "127.0.0.1", "impression_date": "2010-10-11 12:19:23", "ad": 12}}, {"pk": 283, "model": "adzone.adimpression", "fields": {"source_ip": "127.0.0.1", "impression_date": "2010-10-11 12:19:23", "ad": 6}}, {"pk": 284, "model": "adzone.adimpression", "fields": {"source_ip": "127.0.0.1", "impression_date": "2010-10-11 12:19:23", "ad": 10}}, {"pk": 285, "model": "adzone.adimpression", "fields": {"source_ip": "127.0.0.1", "impression_date": "2010-10-11 12:19:23", "ad": 13}}, {"pk": 286, "model": "adzone.adimpression", "fields": {"source_ip": "127.0.0.1", "impression_date": "2010-10-11 12:20:09", "ad": 9}}, {"pk": 287, "model": "adzone.adimpression", "fields": {"source_ip": "127.0.0.1", "impression_date": "2010-10-11 12:20:09", "ad": 3}}, {"pk": 288, "model": "adzone.adimpression", "fields": {"source_ip": "127.0.0.1", "impression_date": "2010-10-11 12:20:09", "ad": 5}}, {"pk": 289, "model": "adzone.adimpression", "fields": {"source_ip": "127.0.0.1", "impression_date": "2010-10-11 12:20:09", "ad": 11}}, {"pk": 290, "model": "adzone.adimpression", "fields": {"source_ip": "127.0.0.1", "impression_date": "2010-10-11 12:20:10", "ad": 13}}, {"pk": 291, "model": "adzone.adimpression", "fields": {"source_ip": "127.0.0.1", "impression_date": "2010-10-11 12:22:37", "ad": 8}}, {"pk": 292, "model": "adzone.adimpression", "fields": {"source_ip": "127.0.0.1", "impression_date": "2010-10-11 12:22:37", "ad": 6}}, {"pk": 293, "model": "adzone.adimpression", "fields": {"source_ip": "127.0.0.1", "impression_date": "2010-10-11 12:22:37", "ad": 12}}, {"pk": 294, "model": "adzone.adimpression", "fields": {"source_ip": "127.0.0.1", "impression_date": "2010-10-11 12:22:37", "ad": 3}}, {"pk": 295, "model": "adzone.adimpression", "fields": {"source_ip": "127.0.0.1", "impression_date": "2010-10-11 12:22:38", "ad": 13}}, {"pk": 296, "model": "adzone.adimpression", "fields": {"source_ip": "127.0.0.1", "impression_date": "2010-10-11 12:33:20", "ad": 2}}, {"pk": 297, "model": "adzone.adimpression", "fields": {"source_ip": "127.0.0.1", "impression_date": "2010-10-11 12:33:20", "ad": 11}}, {"pk": 298, "model": "adzone.adimpression", "fields": {"source_ip": "127.0.0.1", "impression_date": "2010-10-11 12:33:20", "ad": 9}}, {"pk": 299, "model": "adzone.adimpression", "fields": {"source_ip": "127.0.0.1", "impression_date": "2010-10-11 12:33:21", "ad": 6}}, {"pk": 300, "model": "adzone.adimpression", "fields": {"source_ip": "127.0.0.1", "impression_date": "2010-10-11 12:33:21", "ad": 13}}, {"pk": 301, "model": "adzone.adimpression", "fields": {"source_ip": "127.0.0.1", "impression_date": "2010-10-11 12:50:16", "ad": 12}}, {"pk": 302, "model": "adzone.adimpression", "fields": {"source_ip": "127.0.0.1", "impression_date": "2010-10-11 12:50:16", "ad": 3}}, {"pk": 303, "model": "adzone.adimpression", "fields": {"source_ip": "127.0.0.1", "impression_date": "2010-10-11 12:50:16", "ad": 4}}, {"pk": 304, "model": "adzone.adimpression", "fields": {"source_ip": "127.0.0.1", "impression_date": "2010-10-11 12:50:17", "ad": 6}}, {"pk": 305, "model": "adzone.adimpression", "fields": {"source_ip": "127.0.0.1", "impression_date": "2010-10-11 12:50:17", "ad": 13}}, {"pk": 306, "model": "adzone.adimpression", "fields": {"source_ip": "127.0.0.1", "impression_date": "2010-10-11 13:28:04", "ad": 2}}, {"pk": 307, "model": "adzone.adimpression", "fields": {"source_ip": "127.0.0.1", "impression_date": "2010-10-11 13:28:05", "ad": 11}}, {"pk": 308, "model": "adzone.adimpression", "fields": {"source_ip": "127.0.0.1", "impression_date": "2010-10-11 13:28:05", "ad": 8}}, {"pk": 309, "model": "adzone.adimpression", "fields": {"source_ip": "127.0.0.1", "impression_date": "2010-10-11 13:28:05", "ad": 5}}, {"pk": 310, "model": "adzone.adimpression", "fields": {"source_ip": "127.0.0.1", "impression_date": "2010-10-11 13:28:06", "ad": 13}}, {"pk": 311, "model": "adzone.adimpression", "fields": {"source_ip": "127.0.0.1", "impression_date": "2010-10-11 13:33:35", "ad": 12}}, {"pk": 312, "model": "adzone.adimpression", "fields": {"source_ip": "127.0.0.1", "impression_date": "2010-10-11 13:33:35", "ad": 4}}, {"pk": 313, "model": "adzone.adimpression", "fields": {"source_ip": "127.0.0.1", "impression_date": "2010-10-11 13:33:35", "ad": 9}}, {"pk": 314, "model": "adzone.adimpression", "fields": {"source_ip": "127.0.0.1", "impression_date": "2010-10-11 13:33:35", "ad": 2}}, {"pk": 315, "model": "adzone.adimpression", "fields": {"source_ip": "127.0.0.1", "impression_date": "2010-10-11 13:33:36", "ad": 13}}, {"pk": 316, "model": "adzone.adimpression", "fields": {"source_ip": "127.0.0.1", "impression_date": "2010-10-11 13:36:32", "ad": 2}}, {"pk": 317, "model": "adzone.adimpression", "fields": {"source_ip": "127.0.0.1", "impression_date": "2010-10-11 13:36:32", "ad": 4}}, {"pk": 318, "model": "adzone.adimpression", "fields": {"source_ip": "127.0.0.1", "impression_date": "2010-10-11 13:36:32", "ad": 3}}, {"pk": 319, "model": "adzone.adimpression", "fields": {"source_ip": "127.0.0.1", "impression_date": "2010-10-11 13:36:33", "ad": 8}}, {"pk": 320, "model": "adzone.adimpression", "fields": {"source_ip": "127.0.0.1", "impression_date": "2010-10-11 13:36:33", "ad": 13}}, {"pk": 321, "model": "adzone.adimpression", "fields": {"source_ip": "127.0.0.1", "impression_date": "2010-10-11 13:37:26", "ad": 6}}, {"pk": 322, "model": "adzone.adimpression", "fields": {"source_ip": "127.0.0.1", "impression_date": "2010-10-11 13:37:26", "ad": 10}}, {"pk": 323, "model": "adzone.adimpression", "fields": {"source_ip": "127.0.0.1", "impression_date": "2010-10-11 13:37:26", "ad": 7}}, {"pk": 324, "model": "adzone.adimpression", "fields": {"source_ip": "127.0.0.1", "impression_date": "2010-10-11 13:37:26", "ad": 8}}, {"pk": 325, "model": "adzone.adimpression", "fields": {"source_ip": "127.0.0.1", "impression_date": "2010-10-11 13:37:26", "ad": 13}}, {"pk": 326, "model": "adzone.adimpression", "fields": {"source_ip": "127.0.0.1", "impression_date": "2010-10-11 13:39:58", "ad": 1}}, {"pk": 327, "model": "adzone.adimpression", "fields": {"source_ip": "127.0.0.1", "impression_date": "2010-10-11 13:39:59", "ad": 5}}, {"pk": 328, "model": "adzone.adimpression", "fields": {"source_ip": "127.0.0.1", "impression_date": "2010-10-11 13:39:59", "ad": 11}}, {"pk": 329, "model": "adzone.adimpression", "fields": {"source_ip": "127.0.0.1", "impression_date": "2010-10-11 13:39:59", "ad": 8}}, {"pk": 330, "model": "adzone.adimpression", "fields": {"source_ip": "127.0.0.1", "impression_date": "2010-10-11 13:39:59", "ad": 13}}, {"pk": 331, "model": "adzone.adimpression", "fields": {"source_ip": "127.0.0.1", "impression_date": "2010-10-11 13:40:10", "ad": 11}}, {"pk": 332, "model": "adzone.adimpression", "fields": {"source_ip": "127.0.0.1", "impression_date": "2010-10-11 13:40:10", "ad": 7}}, {"pk": 333, "model": "adzone.adimpression", "fields": {"source_ip": "127.0.0.1", "impression_date": "2010-10-11 13:40:10", "ad": 6}}, {"pk": 334, "model": "adzone.adimpression", "fields": {"source_ip": "127.0.0.1", "impression_date": "2010-10-11 13:40:11", "ad": 1}}, {"pk": 335, "model": "adzone.adimpression", "fields": {"source_ip": "127.0.0.1", "impression_date": "2010-10-11 13:40:11", "ad": 13}}, {"pk": 336, "model": "adzone.adimpression", "fields": {"source_ip": "127.0.0.1", "impression_date": "2010-10-11 13:40:29", "ad": 2}}, {"pk": 337, "model": "adzone.adimpression", "fields": {"source_ip": "127.0.0.1", "impression_date": "2010-10-11 13:40:29", "ad": 1}}, {"pk": 338, "model": "adzone.adimpression", "fields": {"source_ip": "127.0.0.1", "impression_date": "2010-10-11 13:40:29", "ad": 8}}, {"pk": 339, "model": "adzone.adimpression", "fields": {"source_ip": "127.0.0.1", "impression_date": "2010-10-11 13:40:29", "ad": 7}}, {"pk": 340, "model": "adzone.adimpression", "fields": {"source_ip": "127.0.0.1", "impression_date": "2010-10-11 13:40:30", "ad": 13}}, {"pk": 341, "model": "adzone.adimpression", "fields": {"source_ip": "127.0.0.1", "impression_date": "2010-10-11 13:58:09", "ad": 5}}, {"pk": 342, "model": "adzone.adimpression", "fields": {"source_ip": "127.0.0.1", "impression_date": "2010-10-11 13:58:09", "ad": 3}}, {"pk": 343, "model": "adzone.adimpression", "fields": {"source_ip": "127.0.0.1", "impression_date": "2010-10-11 13:58:09", "ad": 2}}, {"pk": 344, "model": "adzone.adimpression", "fields": {"source_ip": "127.0.0.1", "impression_date": "2010-10-11 13:58:09", "ad": 7}}, {"pk": 345, "model": "adzone.adimpression", "fields": {"source_ip": "127.0.0.1", "impression_date": "2010-10-11 13:58:10", "ad": 13}}, {"pk": 346, "model": "adzone.adimpression", "fields": {"source_ip": "127.0.0.1", "impression_date": "2010-10-11 14:01:53", "ad": 9}}, {"pk": 347, "model": "adzone.adimpression", "fields": {"source_ip": "127.0.0.1", "impression_date": "2010-10-11 14:01:53", "ad": 1}}, {"pk": 348, "model": "adzone.adimpression", "fields": {"source_ip": "127.0.0.1", "impression_date": "2010-10-11 14:01:54", "ad": 10}}, {"pk": 349, "model": "adzone.adimpression", "fields": {"source_ip": "127.0.0.1", "impression_date": "2010-10-11 14:01:54", "ad": 6}}, {"pk": 350, "model": "adzone.adimpression", "fields": {"source_ip": "127.0.0.1", "impression_date": "2010-10-11 14:01:54", "ad": 13}}, {"pk": 351, "model": "adzone.adimpression", "fields": {"source_ip": "127.0.0.1", "impression_date": "2010-10-11 14:02:31", "ad": 12}}, {"pk": 352, "model": "adzone.adimpression", "fields": {"source_ip": "127.0.0.1", "impression_date": "2010-10-11 14:02:31", "ad": 11}}, {"pk": 353, "model": "adzone.adimpression", "fields": {"source_ip": "127.0.0.1", "impression_date": "2010-10-11 14:02:31", "ad": 8}}, {"pk": 354, "model": "adzone.adimpression", "fields": {"source_ip": "127.0.0.1", "impression_date": "2010-10-11 14:02:31", "ad": 9}}, {"pk": 355, "model": "adzone.adimpression", "fields": {"source_ip": "127.0.0.1", "impression_date": "2010-10-11 14:02:31", "ad": 13}}, {"pk": 356, "model": "adzone.adimpression", "fields": {"source_ip": "127.0.0.1", "impression_date": "2010-10-11 14:15:13", "ad": 7}}, {"pk": 357, "model": "adzone.adimpression", "fields": {"source_ip": "127.0.0.1", "impression_date": "2010-10-11 14:15:14", "ad": 6}}, {"pk": 358, "model": "adzone.adimpression", "fields": {"source_ip": "127.0.0.1", "impression_date": "2010-10-11 14:15:14", "ad": 11}}, {"pk": 359, "model": "adzone.adimpression", "fields": {"source_ip": "127.0.0.1", "impression_date": "2010-10-11 14:15:14", "ad": 3}}, {"pk": 360, "model": "adzone.adimpression", "fields": {"source_ip": "127.0.0.1", "impression_date": "2010-10-11 14:15:14", "ad": 13}}, {"pk": 361, "model": "adzone.adimpression", "fields": {"source_ip": "127.0.0.1", "impression_date": "2010-10-11 14:16:25", "ad": 1}}, {"pk": 362, "model": "adzone.adimpression", "fields": {"source_ip": "127.0.0.1", "impression_date": "2010-10-11 14:16:25", "ad": 7}}, {"pk": 363, "model": "adzone.adimpression", "fields": {"source_ip": "127.0.0.1", "impression_date": "2010-10-11 14:16:25", "ad": 10}}, {"pk": 364, "model": "adzone.adimpression", "fields": {"source_ip": "127.0.0.1", "impression_date": "2010-10-11 14:16:25", "ad": 4}}, {"pk": 365, "model": "adzone.adimpression", "fields": {"source_ip": "127.0.0.1", "impression_date": "2010-10-11 14:16:25", "ad": 13}}, {"pk": 366, "model": "adzone.adimpression", "fields": {"source_ip": "127.0.0.1", "impression_date": "2010-10-11 14:16:31", "ad": 8}}, {"pk": 367, "model": "adzone.adimpression", "fields": {"source_ip": "127.0.0.1", "impression_date": "2010-10-11 14:16:31", "ad": 1}}, {"pk": 368, "model": "adzone.adimpression", "fields": {"source_ip": "127.0.0.1", "impression_date": "2010-10-11 14:16:31", "ad": 10}}, {"pk": 369, "model": "adzone.adimpression", "fields": {"source_ip": "127.0.0.1", "impression_date": "2010-10-11 14:16:31", "ad": 2}}, {"pk": 370, "model": "adzone.adimpression", "fields": {"source_ip": "127.0.0.1", "impression_date": "2010-10-11 14:16:32", "ad": 13}}, {"pk": 371, "model": "adzone.adimpression", "fields": {"source_ip": "127.0.0.1", "impression_date": "2010-10-11 14:17:46", "ad": 12}}, {"pk": 372, "model": "adzone.adimpression", "fields": {"source_ip": "127.0.0.1", "impression_date": "2010-10-11 14:17:47", "ad": 1}}, {"pk": 373, "model": "adzone.adimpression", "fields": {"source_ip": "127.0.0.1", "impression_date": "2010-10-11 14:17:47", "ad": 6}}, {"pk": 374, "model": "adzone.adimpression", "fields": {"source_ip": "127.0.0.1", "impression_date": "2010-10-11 14:17:47", "ad": 9}}, {"pk": 375, "model": "adzone.adimpression", "fields": {"source_ip": "127.0.0.1", "impression_date": "2010-10-11 14:17:47", "ad": 13}}, {"pk": 1, "model": "adzone.adclick", "fields": {"click_date": "2010-10-09 00:19:17", "source_ip": "127.0.0.1", "ad": 7}}, {"pk": 2, "model": "adzone.adclick", "fields": {"click_date": "2010-10-11 10:56:36", "source_ip": "127.0.0.1", "ad": 10}}, {"pk": 3, "model": "adzone.adclick", "fields": {"click_date": "2010-10-11 10:56:40", "source_ip": "127.0.0.1", "ad": 11}}, {"pk": 4, "model": "adzone.adclick", "fields": {"click_date": "2010-10-11 10:56:45", "source_ip": "127.0.0.1", "ad": 6}}, {"pk": 5, "model": "adzone.adclick", "fields": {"click_date": "2010-10-11 10:56:58", "source_ip": "127.0.0.1", "ad": 13}}, {"pk": 1, "model": "adzone.bannerad", "fields": {"content": "adzone/bannerads/0510_activity_tile.gif"}}, {"pk": 2, "model": "adzone.bannerad", "fields": {"content": "adzone/bannerads/0510_bhmh_ortho_tile.gif"}}, {"pk": 3, "model": "adzone.bannerad", "fields": {"content": "adzone/bannerads/0510_bhmh_womens_tile.gif"}}, {"pk": 4, "model": "adzone.bannerad", "fields": {"content": "adzone/bannerads/0510_billings_tile.gif"}}, {"pk": 5, "model": "adzone.bannerad", "fields": {"content": "adzone/bannerads/0510_comp_pt_tile.gif"}}, {"pk": 6, "model": "adzone.bannerad", "fields": {"content": "adzone/bannerads/0510_davis_tile.gif"}}, {"pk": 7, "model": "adzone.bannerad", "fields": {"content": "adzone/bannerads/0510_ebs_tile.jpg"}}, {"pk": 8, "model": "adzone.bannerad", "fields": {"content": "adzone/bannerads/0510_ivr_tile.gif"}}, {"pk": 9, "model": "adzone.bannerad", "fields": {"content": "adzone/bannerads/0510_parkerridge_tile.jpg"}}, {"pk": 10, "model": "adzone.bannerad", "fields": {"content": "adzone/bannerads/0510_sdistorage_tile.gif"}}, {"pk": 11, "model": "adzone.bannerad", "fields": {"content": "adzone/bannerads/0510_vacation_tile.gif"}}, {"pk": 12, "model": "adzone.bannerad", "fields": {"content": "adzone/bannerads/0910_vacation_tile.gif"}}, {"pk": 13, "model": "adzone.bannerad", "fields": {"content": "adzone/bannerads/ston_webcam_tile.gif"}}]
