[{"pk": 1, "model": "adzone.advertiser", "fields": {"website": "http://www.google.com", "company_name": "Default Advertiser", "user": 1}}, {"pk": 2, "model": "adzone.advertiser", "fields": {"website": "http://penobscotbaypress.com", "company_name": "Penobscot Bay Press", "user": 1}}, {"pk": 1, "model": "adzone.adcategory", "fields": {"description": "Ads related to retail establishments", "slug": "retail", "title": "Retail"}}, {"pk": 2, "model": "adzone.adcategory", "fields": {"description": "In house ads.", "slug": "in-house", "title": "In-House"}}, {"pk": 1, "model": "adzone.adzone", "fields": {"description": "Ads to display on the index of pages", "slug": "index", "title": "Index"}}, {"pk": 2, "model": "adzone.adzone", "fields": {"description": "House ads on index pages.", "slug": "house-index", "title": "House Index"}}, {"pk": 1, "model": "adzone.adbase", "fields": {"category": 1, "advertiser": 1, "updated": "2010-10-08 20:19:50", "zone": 1, "title": "The Activity Shop ", "url": "http://theactivityshop.com", "since": "2010-10-08 20:16:19", "enabled": true}}, {"pk": 2, "model": "adzone.adbase", "fields": {"category": 1, "advertiser": 1, "updated": "2010-10-08 20:20:21", "zone": 1, "title": "Blue Hill Orthopedics", "url": "http://bhmh.org", "since": "2010-10-08 20:19:50", "enabled": true }}, {"pk": 3, "model": "adzone.adbase", "fields": {"category": 1, "advertiser": 1, "updated": "2010-10-08 20:20:46", "zone": 1, "title": "Blue Hill Women's Health Care", "url": "http://bhmh.org", "since": "2010-10-08 20:20:21", "enabled": true }}, {"pk": 4, "model": "adzone.adbase", "fields": {"category": 1, "advertiser": 1, "updated": "2010-10-08 20:21:12", "zone": 1, "title": "Billings Diesel Marine", "url": "http://billingsdiesel.com", "since": "2010-10-08 20:20:47", "enabled": true }}, {"pk": 5, "model": "adzone.adbase", "fields": {"category": 1, "advertiser": 1, "updated": "2010-10-08 20:21:35", "zone": 1, "title": "Compass Point Real Estate", "url": "http://compasspoint.com", "since": "2010-10-08 20:21:12", "enabled": true }}, {"pk": 6, "model": "adzone.adbase", "fields": {"category": 1, "advertiser": 1, "updated": "2010-10-08 20:22:16", "zone": 1, "title": "The Davis Agency", "url": "http://thedavisagency.com", "since": "2010-10-08 20:21:35", "enabled": true }}, {"pk": 7, "model": "adzone.adbase", "fields": {"category": 1, "advertiser": 1, "updated": "2010-10-08 20:22:44", "zone": 1, "title": "EBS Kraft Maid", "url": "http://ebsbuild.com", "since": "2010-10-08 20:22:17", "enabled": true }}, {"pk": 8, "model": "adzone.adbase", "fields": {"category": 1, "advertiser": 1, "updated": "2010-10-08 20:23:11", "zone": 1, "title": "Island Vacation Rentals", "url": "http://islandvacationrentals.com", "since": "2010-10-08 20:22:45", "enabled": true }}, {"pk": 9, "model": "adzone.adbase", "fields": {"category": 1, "advertiser": 1, "updated": "2010-10-08 20:23:52", "zone": 1, "title": "Parker Ridge", "url": "http://parkerridge.com", "since": "2010-10-08 20:23:11", "enabled": true }}, {"pk": 10, "model": "adzone.adbase", "fields": {"category": 1, "advertiser": 1, "updated": "2010-10-08 20:24:42", "zone": 1, "title": "South Deer Isle Storage", "url": "http://southdeerislestorage.com", "since": "2010-10-08 20:23:52", "enabled": true }}, {"pk": 11, "model": "adzone.adbase", "fields": {"category": 1, "advertiser": 1, "updated": "2010-10-08 20:25:07", "zone": 1, "title": "Maine Vacation Cottages", "url": "http://mainevacationcottages.com", "since": "2010-10-08 20:24:43", "enabled": true }}, {"pk": 12, "model": "adzone.adbase", "fields": {"category": 1, "advertiser": 1, "updated": "2010-10-08 20:25:49", "zone": 1, "title": "Vacation Cottages Winter Rentals", "url": "http://vacationcottages.com", "since": "2010-10-08 20:25:07", "enabled": true }}, {"pk": 13, "model": "adzone.adbase", "fields": {"category": 2, "advertiser": 2, "updated": "2010-10-09 00:07:58", "zone": 2, "title": "Stonington Webcam", "url": "http://penobscotbaypress.com", "since": "2010-10-09 00:07:33", "enabled": true }}, {"pk": 1, "model": "adzone.adimpression", "fields": {"source_ip": "127.0.0.1", "impression_date": "2010-10-09 00:08:00", "ad": 13}}, {"pk": 2, "model": "adzone.adimpression", "fields": {"source_ip": "127.0.0.1", "impression_date": "2010-10-09 00:16:02", "ad": 13}}, {"pk": 3, "model": "adzone.adimpression", "fields": {"source_ip": "127.0.0.1", "impression_date": "2010-10-09 00:16:32", "ad": 13}}, {"pk": 4, "model": "adzone.adimpression", "fields": {"source_ip": "127.0.0.1", "impression_date": "2010-10-09 00:17:03", "ad": 13}}, {"pk": 5, "model": "adzone.adimpression", "fields": {"source_ip": "127.0.0.1", "impression_date": "2010-10-09 00:17:26", "ad": 13}}, {"pk": 6, "model": "adzone.adimpression", "fields": {"source_ip": "127.0.0.1", "impression_date": "2010-10-09 00:18:26", "ad": 2}}, {"pk": 7, "model": "adzone.adimpression", "fields": {"source_ip": "127.0.0.1", "impression_date": "2010-10-09 00:18:26", "ad": 4}}, {"pk": 8, "model": "adzone.adimpression", "fields": {"source_ip": "127.0.0.1", "impression_date": "2010-10-09 00:18:26", "ad": 9}}, {"pk": 9, "model": "adzone.adimpression", "fields": {"source_ip": "127.0.0.1", "impression_date": "2010-10-09 00:18:26", "ad": 7}}, {"pk": 10, "model": "adzone.adimpression", "fields": {"source_ip": "127.0.0.1", "impression_date": "2010-10-09 00:18:26", "ad": 13}}, {"pk": 11, "model": "adzone.adimpression", "fields": {"source_ip": "127.0.0.1", "impression_date": "2010-10-09 00:18:46", "ad": 4}}, {"pk": 12, "model": "adzone.adimpression", "fields": {"source_ip": "127.0.0.1", "impression_date": "2010-10-09 00:18:46", "ad": 11}}, {"pk": 13, "model": "adzone.adimpression", "fields": {"source_ip": "127.0.0.1", "impression_date": "2010-10-09 00:18:46", "ad": 12}}, {"pk": 14, "model": "adzone.adimpression", "fields": {"source_ip": "127.0.0.1", "impression_date": "2010-10-09 00:18:46", "ad": 9}}, {"pk": 15, "model": "adzone.adimpression", "fields": {"source_ip": "127.0.0.1", "impression_date": "2010-10-09 00:18:46", "ad": 13}}, {"pk": 16, "model": "adzone.adimpression", "fields": {"source_ip": "127.0.0.1", "impression_date": "2010-10-09 00:18:50", "ad": 1}}, {"pk": 17, "model": "adzone.adimpression", "fields": {"source_ip": "127.0.0.1", "impression_date": "2010-10-09 00:18:50", "ad": 5}}, {"pk": 18, "model": "adzone.adimpression", "fields": {"source_ip": "127.0.0.1", "impression_date": "2010-10-09 00:18:50", "ad": 4}}, {"pk": 19, "model": "adzone.adimpression", "fields": {"source_ip": "127.0.0.1", "impression_date": "2010-10-09 00:18:50", "ad": 9}}, {"pk": 20, "model": "adzone.adimpression", "fields": {"source_ip": "127.0.0.1", "impression_date": "2010-10-09 00:18:50", "ad": 13}}, {"pk": 21, "model": "adzone.adimpression", "fields": {"source_ip": "127.0.0.1", "impression_date": "2010-10-09 00:18:54", "ad": 11}}, {"pk": 22, "model": "adzone.adimpression", "fields": {"source_ip": "127.0.0.1", "impression_date": "2010-10-09 00:18:54", "ad": 4}}, {"pk": 23, "model": "adzone.adimpression", "fields": {"source_ip": "127.0.0.1", "impression_date": "2010-10-09 00:18:54", "ad": 10}}, {"pk": 24, "model": "adzone.adimpression", "fields": {"source_ip": "127.0.0.1", "impression_date": "2010-10-09 00:18:54", "ad": 2}}, {"pk": 25, "model": "adzone.adimpression", "fields": {"source_ip": "127.0.0.1", "impression_date": "2010-10-09 00:18:54", "ad": 13}}, {"pk": 26, "model": "adzone.adimpression", "fields": {"source_ip": "127.0.0.1", "impression_date": "2010-10-09 00:18:59", "ad": 10}}, {"pk": 27, "model": "adzone.adimpression", "fields": {"source_ip": "127.0.0.1", "impression_date": "2010-10-09 00:18:59", "ad": 3}}, {"pk": 28, "model": "adzone.adimpression", "fields": {"source_ip": "127.0.0.1", "impression_date": "2010-10-09 00:18:59", "ad": 2}}, {"pk": 29, "model": "adzone.adimpression", "fields": {"source_ip": "127.0.0.1", "impression_date": "2010-10-09 00:18:59", "ad": 5}}, {"pk": 30, "model": "adzone.adimpression", "fields": {"source_ip": "127.0.0.1", "impression_date": "2010-10-09 00:18:59", "ad": 13}}, {"pk": 31, "model": "adzone.adimpression", "fields": {"source_ip": "127.0.0.1", "impression_date": "2010-10-09 00:19:03", "ad": 3}}, {"pk": 32, "model": "adzone.adimpression", "fields": {"source_ip": "127.0.0.1", "impression_date": "2010-10-09 00:19:03", "ad": 10}}, {"pk": 33, "model": "adzone.adimpression", "fields": {"source_ip": "127.0.0.1", "impression_date": "2010-10-09 00:19:04", "ad": 2}}, {"pk": 34, "model": "adzone.adimpression", "fields": {"source_ip": "127.0.0.1", "impression_date": "2010-10-09 00:19:04", "ad": 4}}, {"pk": 35, "model": "adzone.adimpression", "fields": {"source_ip": "127.0.0.1", "impression_date": "2010-10-09 00:19:04", "ad": 13}}, {"pk": 36, "model": "adzone.adimpression", "fields": {"source_ip": "127.0.0.1", "impression_date": "2010-10-09 00:19:07", "ad": 2}}, {"pk": 37, "model": "adzone.adimpression", "fields": {"source_ip": "127.0.0.1", "impression_date": "2010-10-09 00:19:07", "ad": 3}}, {"pk": 38, "model": "adzone.adimpression", "fields": {"source_ip": "127.0.0.1", "impression_date": "2010-10-09 00:19:07", "ad": 4}}, {"pk": 39, "model": "adzone.adimpression", "fields": {"source_ip": "127.0.0.1", "impression_date": "2010-10-09 00:19:07", "ad": 9}}, {"pk": 40, "model": "adzone.adimpression", "fields": {"source_ip": "127.0.0.1", "impression_date": "2010-10-09 00:19:08", "ad": 13}}, {"pk": 41, "model": "adzone.adimpression", "fields": {"source_ip": "127.0.0.1", "impression_date": "2010-10-09 00:19:12", "ad": 4}}, {"pk": 42, "model": "adzone.adimpression", "fields": {"source_ip": "127.0.0.1", "impression_date": "2010-10-09 00:19:12", "ad": 7}}, {"pk": 43, "model": "adzone.adimpression", "fields": {"source_ip": "127.0.0.1", "impression_date": "2010-10-09 00:19:12", "ad": 11}}, {"pk": 44, "model": "adzone.adimpression", "fields": {"source_ip": "127.0.0.1", "impression_date": "2010-10-09 00:19:12", "ad": 12}}, {"pk": 45, "model": "adzone.adimpression", "fields": {"source_ip": "127.0.0.1", "impression_date": "2010-10-09 00:19:12", "ad": 13}}, {"pk": 46, "model": "adzone.adimpression", "fields": {"source_ip": "127.0.0.1", "impression_date": "2010-10-09 00:21:49", "ad": 1}}, {"pk": 47, "model": "adzone.adimpression", "fields": {"source_ip": "127.0.0.1", "impression_date": "2010-10-09 00:21:49", "ad": 4}}, {"pk": 48, "model": "adzone.adimpression", "fields": {"source_ip": "127.0.0.1", "impression_date": "2010-10-09 00:21:49", "ad": 11}}, {"pk": 49, "model": "adzone.adimpression", "fields": {"source_ip": "127.0.0.1", "impression_date": "2010-10-09 00:21:49", "ad": 7}}, {"pk": 50, "model": "adzone.adimpression", "fields": {"source_ip": "127.0.0.1", "impression_date": "2010-10-09 00:21:49", "ad": 13}}, {"pk": 51, "model": "adzone.adimpression", "fields": {"source_ip": "127.0.0.1", "impression_date": "2010-10-09 00:22:11", "ad": 9}}, {"pk": 52, "model": "adzone.adimpression", "fields": {"source_ip": "127.0.0.1", "impression_date": "2010-10-09 00:22:11", "ad": 5}}, {"pk": 53, "model": "adzone.adimpression", "fields": {"source_ip": "127.0.0.1", "impression_date": "2010-10-09 00:22:11", "ad": 3}}, {"pk": 54, "model": "adzone.adimpression", "fields": {"source_ip": "127.0.0.1", "impression_date": "2010-10-09 00:22:11", "ad": 11}}, {"pk": 55, "model": "adzone.adimpression", "fields": {"source_ip": "127.0.0.1", "impression_date": "2010-10-09 00:22:11", "ad": 13}}, {"pk": 56, "model": "adzone.adimpression", "fields": {"source_ip": "127.0.0.1", "impression_date": "2010-10-09 00:25:31", "ad": 5}}, {"pk": 57, "model": "adzone.adimpression", "fields": {"source_ip": "127.0.0.1", "impression_date": "2010-10-09 00:25:31", "ad": 2}}, {"pk": 58, "model": "adzone.adimpression", "fields": {"source_ip": "127.0.0.1", "impression_date": "2010-10-09 00:25:31", "ad": 10}}, {"pk": 59, "model": "adzone.adimpression", "fields": {"source_ip": "127.0.0.1", "impression_date": "2010-10-09 00:25:31", "ad": 1}}, {"pk": 60, "model": "adzone.adimpression", "fields": {"source_ip": "127.0.0.1", "impression_date": "2010-10-09 00:25:31", "ad": 13}}, {"pk": 1, "model": "adzone.adclick", "fields": {"click_date": "2010-10-09 00:19:17", "source_ip": "127.0.0.1", "ad": 7}}, {"pk": 1, "model": "adzone.bannerad", "fields": {"content": "adzone/bannerads/0510_activity_tile.gif"}}, {"pk": 2, "model": "adzone.bannerad", "fields": {"content": "adzone/bannerads/0510_bhmh_ortho_tile.gif"}}, {"pk": 3, "model": "adzone.bannerad", "fields": {"content": "adzone/bannerads/0510_bhmh_womens_tile.gif"}}, {"pk": 4, "model": "adzone.bannerad", "fields": {"content": "adzone/bannerads/0510_billings_tile.gif"}}, {"pk": 5, "model": "adzone.bannerad", "fields": {"content": "adzone/bannerads/0510_comp_pt_tile.gif"}}, {"pk": 6, "model": "adzone.bannerad", "fields": {"content": "adzone/bannerads/0510_davis_tile.gif"}}, {"pk": 7, "model": "adzone.bannerad", "fields": {"content": "adzone/bannerads/0510_ebs_tile.jpg"}}, {"pk": 8, "model": "adzone.bannerad", "fields": {"content": "adzone/bannerads/0510_ivr_tile.gif"}}, {"pk": 9, "model": "adzone.bannerad", "fields": {"content": "adzone/bannerads/0510_parkerridge_tile.jpg"}}, {"pk": 10, "model": "adzone.bannerad", "fields": {"content": "adzone/bannerads/0510_sdistorage_tile.gif"}}, {"pk": 11, "model": "adzone.bannerad", "fields": {"content": "adzone/bannerads/0510_vacation_tile.gif"}}, {"pk": 12, "model": "adzone.bannerad", "fields": {"content": "adzone/bannerads/0910_vacation_tile.gif"}}, {"pk": 13, "model": "adzone.bannerad", "fields": {"content": "adzone/bannerads/ston_webcam_tile.gif"}}]
